{"stats":{"minecraft:dropped":{"minecraft:water_bucket":1,"minecraft:dirt":5},"minecraft:custom":{"minecraft:time_since_rest":18598,"minecraft:sprint_one_cm":5729,"minecraft:damage_taken":530,"minecraft:walk_one_cm":18670,"minecraft:mob_kills":1,"minecraft:drop":6,"minecraft:damage_dealt":60,"minecraft:fly_one_cm":22924,"minecraft:crouch_one_cm":5377,"minecraft:play_time":24300,"minecraft:deaths":1,"minecraft:sneak_time":2746,"minecraft:walk_under_water_one_cm":17893,"minecraft:jump":285,"minecraft:leave_game":4,"minecraft:walk_on_water_one_cm":4606,"minecraft:time_since_death":18564,"minecraft:climb_one_cm":1956,"minecraft:total_world_time":24300,"minecraft:fall_one_cm":10942},"minecraft:killed":{"alexsmobs:cockroach":1},"minecraft:used":{"minecraft:big_dripleaf":1,"minecraft:redstone_torch":3,"minecraft:water_bucket":9,"minecraft:diamond_shovel":276,"myceliummire:greenshroom":1,"minecraft:dirt":149,"myceliummire:bomb_vine":3,"minecraft:tnt":262,"minecraft:bucket":8},"minecraft:mined":{"minecraft:grass_block":82,"minecraft:dirt":188,"minecraft:oak_leaves":3,"minecraft:fern":3},"minecraft:picked_up":{"myceliummire:mycelium_growth":2,"minecraft:water_bucket":3,"minecraft:big_dripleaf":1,"minecraft:gravel":32,"minecraft:flint":2,"minecraft:tuff":14,"myceliummire:greenshroom":1,"minecraft:dirt":206,"myceliummire:blueshroom":4,"minecraft:diamond_shovel":1,"myceliummire:bomb_vine":3,"minecraft:wheat_seeds":7,"minecraft:cobbled_deepslate":16}},"DataVersion":3120}