{"stats":{"minecraft:custom":{"minecraft:jump":123,"minecraft:time_since_rest":14262,"minecraft:damage_taken":175,"minecraft:crouch_one_cm":239,"minecraft:sprint_one_cm":27489,"minecraft:leave_game":2,"minecraft:play_time":30845,"minecraft:time_since_death":30845,"minecraft:walk_one_cm":22240,"minecraft:sleep_in_bed":1,"minecraft:sneak_time":149,"minecraft:total_world_time":30845,"minecraft:fall_one_cm":2671,"minecraft:fly_one_cm":30019},"minecraft:mined":{"minecraft:oak_leaves":5},"minecraft:picked_up":{"minecraft:egg":2},"minecraft:used":{"minecraft:oak_leaves":10,"minecraft:white_bed":1,"alexsmobs:animal_dictionary":2,"minecraft:egg":2,"minecraft:flint_and_steel":2,"minecraft:obsidian":15}},"DataVersion":3120}