{"stats":{"minecraft:picked_up":{"minecraft:raw_iron":7,"minecraft:chicken":1,"minecraft:andesite":30,"minecraft:leather":6,"minecraft:dripstone_block":5,"minecraft:gravel":12,"minecraft:porkchop":8,"minecraft:oak_log":5,"minecraft:pointed_dripstone":2,"minecraft:diorite":31,"minecraft:redstone":5,"born_in_chaos_v1:black_argillite":11,"minecraft:lapis_lazuli":4,"minecraft:string":2,"minecraft:dirt":297,"minecraft:raw_copper":3,"minecraft:wheat_seeds":5,"minecraft:cobbled_deepslate":175,"minecraft:raw_gold":2,"minecraft:granite":10,"minecraft:beef":9,"minecraft:melon_slice":7,"minecraft:cobblestone":216,"minecraft:egg":1},"minecraft:mined":{"minecraft:redstone_ore":1,"minecraft:iron_ore":6,"minecraft:andesite":30,"minecraft:granite":10,"minecraft:grass":21,"minecraft:pointed_dripstone":1,"minecraft:grass_block":196,"minecraft:oak_log":5,"minecraft:deepslate_iron_ore":1,"minecraft:melon":1,"born_in_chaos_v1:black_argillite":13,"minecraft:gravel":18,"minecraft:dripstone_block":6,"minecraft:dirt":108,"minecraft:copper_ore":1,"minecraft:deepslate_gold_ore":2,"minecraft:lapis_ore":1,"minecraft:stone":233,"minecraft:diorite":38,"minecraft:deepslate":196,"minecraft:fern":7},"minecraft:killed":{"minecraft:cave_spider":1,"minecraft:pig":3,"minecraft:chicken":1,"minecraft:cow":4},"minecraft:used":{"minecraft:oak_log":3,"minecraft:diamond_pickaxe":564,"minecraft:diamond_boots":2,"minecraft:diamond_shovel":313,"minecraft:diamond_chestplate":1,"minecraft:diamond_sword":2,"minecraft:diamond_helmet":1,"minecraft:egg":1,"minecraft:enchanted_golden_apple":1,"minecraft:diamond_leggings":1},"minecraft:custom":{"minecraft:time_since_rest":293,"minecraft:sprint_one_cm":57669,"minecraft:damage_absorbed":35,"minecraft:damage_taken":310,"minecraft:walk_one_cm":12098,"minecraft:mob_kills":9,"minecraft:damage_dealt":854,"minecraft:swim_one_cm":1218,"minecraft:fly_one_cm":197314,"minecraft:play_time":16986,"minecraft:deaths":2,"minecraft:sneak_time":253,"minecraft:walk_under_water_one_cm":1741,"minecraft:jump":157,"minecraft:leave_game":2,"minecraft:time_since_death":272,"minecraft:walk_on_water_one_cm":339,"minecraft:total_world_time":16986,"minecraft:climb_one_cm":470,"minecraft:damage_resisted":9,"minecraft:fall_one_cm":5689}},"DataVersion":3120}