{"stats":{"minecraft:used":{"minecraft:diamond_boots":2,"minecraft:flint_and_steel":2,"croptopia:apricot":1,"minecraft:mycelium":22,"mutantmonsters:endersoul_hand":16,"minecraft:stone":7,"mutantmonsters:mutant_skeleton_spawn_egg":1,"minecraft:oak_leaves":19,"minecraft:dirt":299,"minecraft:tnt":1,"minecraft:diamond_helmet":1,"minecraft:milk_bucket":1,"minecraft:oak_log":3,"mutantmonsters:mutant_creeper_spawn_egg":1,"mutantmonsters:spider_pig_spawn_egg":1,"minecraft:diamond_pickaxe":564,"minecraft:diamond_shovel":506,"minecraft:melon_slice":4,"mutantmonsters:creeper_shard":1,"mutantmonsters:mutant_enderman_spawn_egg":1,"mutantmonsters:creeper_minion_spawn_egg":1,"minecraft:gravel":8,"mutantmonsters:mutant_zombie_spawn_egg":1,"minecraft:diamond_chestplate":1,"minecraft:diamond_sword":2,"minecraft:bow":5,"minecraft:bucket":5,"minecraft:egg":1,"minecraft:diamond_leggings":1,"minecraft:enchanted_golden_apple":5},"minecraft:mined":{"minecraft:jungle_leaves":1,"minecraft:granite":10,"minecraft:grass_block":291,"minecraft:melon":2,"born_in_chaos_v1:black_argillite":13,"minecraft:copper_ore":1,"minecraft:lapis_ore":1,"minecraft:deepslate_gold_ore":2,"minecraft:sugar_cane":2,"minecraft:diorite":38,"minecraft:redstone_ore":1,"minecraft:iron_ore":6,"minecraft:andesite":30,"minecraft:grass":27,"minecraft:pointed_dripstone":1,"minecraft:oak_log":5,"minecraft:deepslate_iron_ore":1,"minecraft:gravel":27,"minecraft:dripstone_block":6,"minecraft:dirt":190,"minecraft:stone":233,"minecraft:deepslate":196,"minecraft:fern":9},"minecraft:picked_up":{"minecraft:chicken":1,"minecraft:andesite":30,"minecraft:leather":6,"minecraft:brown_mushroom":4,"minecraft:flint":1,"minecraft:oak_log":10,"born_in_chaos_v1:black_argillite":11,"minecraft:string":2,"minecraft:lapis_lazuli":4,"myceliummire:red_mushroom_cluster":1,"minecraft:dirt":482,"minecraft:raw_copper":3,"myceliummire:bomb_vine":22,"minecraft:wheat_seeds":10,"minecraft:cobbled_deepslate":191,"minecraft:raw_gold":2,"croptopia:avocado":1,"minecraft:beef":9,"minecraft:bamboo":8,"minecraft:sugar_cane":2,"minecraft:melon_slice":11,"minecraft:oak_planks":1,"minecraft:egg":1,"minecraft:stick":1,"minecraft:raw_iron":7,"croptopia:apricot":12,"minecraft:dripstone_block":5,"minecraft:gravel":20,"minecraft:porkchop":8,"minecraft:golden_axe":1,"minecraft:pointed_dripstone":2,"minecraft:diorite":31,"minecraft:redstone":5,"minecraft:arrow":31,"minecraft:granite":11,"minecraft:cobblestone":222},"minecraft:killed":{"minecraft:cave_spider":1,"minecraft:pig":3,"minecraft:chicken":1,"mutantmonsters:spider_pig":1,"minecraft:cow":4},"minecraft:dropped":{"minecraft:water_bucket":2,"minecraft:diamond_shovel":1,"minecraft:bucket":1},"minecraft:custom":{"minecraft:inspect_dropper":1,"minecraft:mob_kills":10,"minecraft:inspect_hopper":1,"minecraft:open_barrel":2,"minecraft:leave_game":4,"minecraft:time_since_death":48513,"minecraft:climb_one_cm":7396,"minecraft:damage_resisted":60,"minecraft:time_since_rest":48534,"minecraft:sprint_one_cm":183417,"minecraft:walk_one_cm":39116,"minecraft:damage_taken":532,"minecraft:damage_absorbed":187,"minecraft:drop":4,"minecraft:damage_dealt":929,"minecraft:swim_one_cm":6172,"minecraft:fly_one_cm":575017,"minecraft:open_chest":9,"minecraft:crouch_one_cm":1020,"minecraft:play_time":65227,"minecraft:deaths":2,"minecraft:sneak_time":1350,"minecraft:walk_under_water_one_cm":17682,"minecraft:jump":1205,"minecraft:walk_on_water_one_cm":2491,"minecraft:total_world_time":65227,"minecraft:fall_one_cm":22379}},"DataVersion":3120}