{"stats":{"minecraft:broken":{"minecraft:iron_axe":1},"minecraft:killed":{"twilightforest:squirrel":1,"minecraft:cave_spider":1,"minecraft:pig":3,"minecraft:pillager":8,"minecraft:chicken":1,"mutantmonsters:spider_pig":1,"minecraft:cow":4},"minecraft:custom":{"minecraft:inspect_dropper":1,"minecraft:mob_kills":19,"minecraft:inspect_hopper":1,"minecraft:open_barrel":4,"minecraft:leave_game":8,"minecraft:time_since_death":84559,"minecraft:climb_one_cm":10343,"minecraft:damage_resisted":60,"minecraft:time_since_rest":84580,"minecraft:sprint_one_cm":297572,"minecraft:walk_one_cm":71625,"minecraft:damage_taken":622,"minecraft:damage_absorbed":187,"minecraft:drop":18,"minecraft:damage_dealt":3109,"minecraft:swim_one_cm":13259,"minecraft:talked_to_villager":1,"minecraft:fly_one_cm":1009206,"minecraft:open_chest":13,"minecraft:crouch_one_cm":1363,"minecraft:play_time":101273,"minecraft:deaths":2,"minecraft:sneak_time":2364,"minecraft:walk_under_water_one_cm":20911,"minecraft:jump":2178,"minecraft:walk_on_water_one_cm":3836,"minecraft:total_world_time":101273,"minecraft:fall_one_cm":33242},"minecraft:dropped":{"minecraft:water_bucket":2,"minecraft:diamond":2,"minecraft:diamond_shovel":1,"minecraft:big_dripleaf":2,"minecraft:torch":5,"myceliummire:cagefiungus":5,"minecraft:bucket":1},"minecraft:picked_up":{"minecraft:cocoa_beans":6,"minecraft:chicken":1,"born_in_chaos_v1:monster_flesh":1,"minecraft:jungle_log":184,"minecraft:andesite":30,"minecraft:leather":6,"minecraft:brown_mushroom":6,"minecraft:flint":4,"minecraft:oak_log":40,"minecraft:gunpowder":57,"born_in_chaos_v1:black_argillite":11,"byg:firecracker_flower_bush":3,"minecraft:string":2,"minecraft:lapis_lazuli":4,"myceliummire:red_mushroom_cluster":1,"minecraft:dirt":482,"minecraft:paper":1,"minecraft:raw_copper":3,"myceliummire:blueshroom":6,"minecraft:iron_leggings":1,"born_in_chaos_v1:monster_skin":1,"minecraft:bone":2,"myceliummire:bomb_vine":22,"minecraft:wheat_seeds":10,"alexsmobs:banana":1,"minecraft:cobbled_deepslate":191,"minecraft:raw_gold":2,"minecraft:spruce_wood":10,"croptopia:avocado":1,"minecraft:iron_ingot":12,"minecraft:beef":9,"minecraft:jungle_sapling":8,"minecraft:bamboo":8,"minecraft:sugar_cane":2,"minecraft:melon_slice":11,"minecraft:oak_planks":1,"minecraft:egg":1,"minecraft:stick":18,"minecraft:raw_iron":7,"croptopia:apricot":12,"minecraft:big_dripleaf":2,"minecraft:torch":1,"minecraft:quartz":30,"minecraft:dripstone_block":5,"minecraft:gravel":20,"minecraft:porkchop":8,"minecraft:golden_axe":1,"minecraft:pointed_dripstone":2,"minecraft:diorite":31,"minecraft:redstone":5,"myceliummire:purpleshroom":2,"minecraft:rotten_flesh":1,"minecraft:arrow":31,"minecraft:diamond":5,"croptopia:orange":6,"myceliummire:cagefiungus":5,"minecraft:granite":11,"minecraft:painting":1,"minecraft:oak_sapling":5,"minecraft:cobblestone":222},"minecraft:used":{"minecraft:water_bucket":9,"minecraft:diamond_boots":2,"byg:firecracker_flower_bush":37,"minecraft:flint_and_steel":2,"croptopia:apricot":1,"minecraft:mycelium":22,"mutantmonsters:endersoul_hand":16,"minecraft:stone":7,"minecraft:iron_sword":33,"mutantmonsters:mutant_skeleton_spawn_egg":1,"minecraft:deepslate_gold_ore":98,"minecraft:iron_chestplate":1,"minecraft:oak_leaves":19,"minecraft:white_wool":13,"elevatorid:elevator_white":5,"minecraft:torch":37,"minecraft:dirt":300,"minecraft:tnt":1,"myceliummire:purpleshroom":49,"minecraft:diamond_helmet":1,"minecraft:milk_bucket":1,"minecraft:oak_log":9,"myceliummire:blueshroom":64,"mutantmonsters:mutant_creeper_spawn_egg":1,"mutantmonsters:spider_pig_spawn_egg":1,"minecraft:diamond_pickaxe":564,"myceliummire:cagefiungus":7,"minecraft:diamond_shovel":506,"minecraft:jungle_log":29,"minecraft:iron_axe":263,"minecraft:grass_block":33,"minecraft:melon_slice":4,"mutantmonsters:creeper_shard":1,"mutantmonsters:mutant_enderman_spawn_egg":1,"mutantmonsters:creeper_minion_spawn_egg":1,"minecraft:gravel":8,"byg:rose":24,"minecraft:deepslate_diamond_ore":81,"mutantmonsters:mutant_zombie_spawn_egg":1,"minecraft:diamond_chestplate":1,"minecraft:diamond_sword":2,"minecraft:bow":5,"minecraft:hay_block":27,"minecraft:wolf_spawn_egg":2,"minecraft:bucket":5,"minecraft:egg":1,"minecraft:diamond_leggings":1,"minecraft:enchanted_golden_apple":5},"minecraft:mined":{"minecraft:jungle_leaves":1,"minecraft:granite":10,"minecraft:grass_block":291,"minecraft:melon":2,"born_in_chaos_v1:black_argillite":13,"minecraft:jungle_log":199,"minecraft:copper_ore":1,"minecraft:lapis_ore":1,"minecraft:deepslate_gold_ore":2,"minecraft:sugar_cane":2,"minecraft:diorite":38,"minecraft:redstone_ore":1,"minecraft:iron_ore":6,"minecraft:andesite":30,"minecraft:grass":30,"minecraft:pointed_dripstone":1,"minecraft:oak_log":42,"minecraft:deepslate_iron_ore":1,"minecraft:vine":15,"minecraft:gravel":27,"minecraft:dripstone_block":6,"minecraft:dirt":190,"minecraft:stone":233,"minecraft:oak_leaves":3,"minecraft:deepslate":196,"minecraft:fern":9}},"DataVersion":3120}