{"stats":{"minecraft:picked_up":{"minecraft:dirt":117,"minecraft:egg":2},"minecraft:mined":{"minecraft:grass_block":61,"minecraft:dirt":71,"minecraft:oak_leaves":5},"minecraft:used":{"minecraft:oak_leaves":10,"minecraft:dirt":9,"minecraft:diamond_shovel":128,"minecraft:flint_and_steel":3,"minecraft:white_bed":1,"alexsmobs:animal_dictionary":2,"minecraft:egg":2,"minecraft:obsidian":31},"minecraft:custom":{"minecraft:time_since_rest":16415,"minecraft:crouch_one_cm":652,"minecraft:sprint_one_cm":35369,"minecraft:play_time":32998,"minecraft:damage_taken":175,"minecraft:walk_one_cm":26198,"minecraft:sneak_time":201,"minecraft:jump":149,"minecraft:walk_on_water_one_cm":1499,"minecraft:leave_game":2,"minecraft:time_since_death":32998,"minecraft:sleep_in_bed":1,"minecraft:total_world_time":32998,"minecraft:fall_one_cm":3659,"minecraft:fly_one_cm":35652}},"DataVersion":3120}